/*Insert data*/

insert into Employee values ('43255346','Alex Garcia Jimenez','1100','','65762365','01');
insert into Employee values ('34242565','Maria Gonzalez Mesa','1150','mariagnz@gmail.com','697436789','02');
insert into Employee values ('35475799','Manuel Sierra Marquez','1050','manumar2@gmail.com','655342343','02');
insert into Employee values ('64353233','Alexander Vives Romero','1250','','657876732','02');
insert into Employee values ('76456747','Alvaro Morata Ruiz','1275','amorataruiz@gmail.com','667867123','01');
insert into Employee values ('87585435','Lionel Iniesta Garcia','1250','lionel534@gmail.com','65435548','01');
insert into Employee values ('45325366','Carmen Del Toro','1150','carmendel34@gmail.com','678912131','01');
insert into Employee values ('54373354','Sebastian Lopez Tur','1150','','654455445','03');
insert into Employee values ('65756753','Adrian Piedra Ortega','1270','piedraadri78@gmail.com','678809877','03');
insert into Employee values ('24354536','Isaac Perez Viejo','1350','','662345345','01');

insert into Orders values ('0430','43255346','12-12-2022','43.10');
insert into Orders values ('2390','34242565','04-11-2022','75.21');
insert into Orders values ('4817','35475799','23-07-2022','32.87');
insert into Orders values ('4372','64353233','22-01-2022','53.67');
insert into Orders values ('5783','76456747','23-03-2022','12.22');
insert into Orders values ('3491','87585435','10-08-2022','34.46');
insert into Orders values ('3250','45325366','01-04-2022','54.32');
insert into Orders values ('4094','54373354','07-06-2022','21.20');
insert into Orders values ('3284','65756753','21-06-2022','53.00');
insert into Orders values ('3452','24354536','29-03-2022','22.22');

insert into Restaurant values ('01','Calle De Las Rosas,Galicia','07540','5');
insert into Restaurant values ('02','Calle Maria Del Carmen,Sevilla','07901','3');
insert into Restaurant values ('03','Calle Paraiso,Mallorca','07520','2');